{"cameraMode":{"drawMode":0,"name":"Shaded","section":"Shading Mode"},"sceneLighting":false,"audioPlay":false,"sceneViewState":{"showFog":true,"showMaterialUpdate":false,"showSkybox":true,"showFlares":true,"showImageEffects":true,"showParticleSystems":true},"in2DMode":false,"pivot":{"x":-0.009392902255058289,"y":0.36790934205055239,"z":-0.00949995219707489},"rotation":{"x":-0.4022337794303894,"y":-0.13462644815444947,"z":0.05992884188890457,"w":-0.9035996198654175},"size":1.309810757637024,"orthographic":false}