{"cameraMode":{"drawMode":0,"name":"Shaded","section":"Shading Mode"},"sceneLighting":true,"audioPlay":false,"sceneViewState":{"showFog":true,"showMaterialUpdate":false,"showSkybox":true,"showFlares":true,"showImageEffects":true,"showParticleSystems":true},"in2DMode":false,"pivot":{"x":4.200934410095215,"y":5.18102502822876,"z":4.491572380065918},"rotation":{"x":-0.11445577442646027,"y":-0.27543559670448305,"z":0.03304731845855713,"w":-0.9539093375205994},"size":1.0773804187774659,"orthographic":false}