{"cameraMode":{"drawMode":0,"name":"Shaded","section":"Shading Mode"},"sceneLighting":true,"audioPlay":false,"sceneViewState":{"showFog":true,"showMaterialUpdate":false,"showSkybox":true,"showFlares":true,"showImageEffects":true,"showParticleSystems":true},"in2DMode":false,"pivot":{"x":-2.29770827293396,"y":1.0067576169967652,"z":-18.625822067260743},"rotation":{"x":0.4069708585739136,"y":0.005980856250971556,"z":-0.002934082178398967,"w":0.9134169220924377},"size":24.694595336914064,"orthographic":false}