{"cameraMode":{"drawMode":0,"name":"Shaded","section":"Shading Mode"},"sceneLighting":false,"audioPlay":false,"sceneViewState":{"showFog":true,"showMaterialUpdate":false,"showSkybox":true,"showFlares":true,"showImageEffects":true,"showParticleSystems":true},"in2DMode":false,"pivot":{"x":-0.25047606229782107,"y":0.30806583166122439,"z":-0.1624811291694641},"rotation":{"x":0.0019560013897717,"y":-0.9872147440910339,"z":0.012155810371041298,"w":0.1589198112487793},"size":0.8058266043663025,"orthographic":false}