{"cameraMode":{"drawMode":0,"name":"Shaded","section":"Shading Mode"},"sceneLighting":false,"audioPlay":false,"sceneViewState":{"showFog":true,"showMaterialUpdate":false,"showSkybox":true,"showFlares":true,"showImageEffects":true,"showParticleSystems":true},"in2DMode":false,"pivot":{"x":0.4655666649341583,"y":0.30412107706069949,"z":0.026522576808929445},"rotation":{"x":0.005175845231860876,"y":0.977296769618988,"z":0.024031566455960275,"w":-0.21044418215751649},"size":0.7007923722267151,"orthographic":false}