{"cameraMode":{"drawMode":0,"name":"Shaded","section":"Shading Mode"},"sceneLighting":true,"audioPlay":false,"sceneViewState":{"showFog":true,"showMaterialUpdate":false,"showSkybox":true,"showFlares":true,"showImageEffects":true,"showParticleSystems":true},"in2DMode":false,"pivot":{"x":15.970001220703125,"y":1.8259999752044678,"z":-17.682998657226564},"rotation":{"x":0.18140630424022675,"y":-0.05601414665579796,"z":0.010349240154027939,"w":0.9817571640014648},"size":1.2124968767166138,"orthographic":false}