{"cameraMode":{"drawMode":0,"name":"Shaded","section":"Shading Mode"},"sceneLighting":true,"audioPlay":false,"sceneViewState":{"showFog":true,"showMaterialUpdate":false,"showSkybox":true,"showFlares":true,"showImageEffects":true,"showParticleSystems":true},"in2DMode":false,"pivot":{"x":-6.917541027069092,"y":0.6659755706787109,"z":-18.945703506469728},"rotation":{"x":0.4069708585739136,"y":0.005980856250971556,"z":-0.002934082178398967,"w":0.9134169220924377},"size":14.211579322814942,"orthographic":false}