{"cameraMode":{"drawMode":0,"name":"Shaded","section":"Shading Mode"},"sceneLighting":true,"audioPlay":false,"sceneViewState":{"showFog":true,"showMaterialUpdate":false,"showSkybox":true,"showFlares":true,"showImageEffects":true,"showParticleSystems":true},"in2DMode":false,"pivot":{"x":-3.7325828075408937,"y":0.5946759581565857,"z":21.775936126708986},"rotation":{"x":-0.21501092612743379,"y":0.04334390163421631,"z":-0.009554299525916577,"w":-0.9756025671958923},"size":36.78373718261719,"orthographic":false}