{"cameraMode":{"drawMode":0,"name":"Shaded","section":"Shading Mode"},"sceneLighting":false,"audioPlay":false,"sceneViewState":{"showFog":true,"showMaterialUpdate":false,"showSkybox":true,"showFlares":true,"showImageEffects":true,"showParticleSystems":true},"in2DMode":false,"pivot":{"x":0.03006831556558609,"y":0.42046383023262026,"z":0.20445549488067628},"rotation":{"x":-0.004128330387175083,"y":-0.991322934627533,"z":0.12739618122577668,"w":-0.03212502598762512},"size":2.4394021034240724,"orthographic":false}