{"cameraMode":{"drawMode":0,"name":"Shaded","section":"Shading Mode"},"sceneLighting":false,"audioPlay":false,"sceneViewState":{"showFog":true,"showMaterialUpdate":false,"showSkybox":true,"showFlares":true,"showImageEffects":true,"showParticleSystems":true},"in2DMode":false,"pivot":{"x":0.4077334403991699,"y":0.33654820919036868,"z":-0.026807278394699098},"rotation":{"x":-0.021249596029520036,"y":0.4196641743183136,"z":-0.009829140268266201,"w":-0.9073774218559265},"size":0.7007923722267151,"orthographic":false}