{"cameraMode":{"drawMode":0,"name":"Shaded","section":"Shading Mode"},"sceneLighting":false,"audioPlay":false,"sceneViewState":{"showFog":true,"showMaterialUpdate":false,"showSkybox":true,"showFlares":true,"showImageEffects":true,"showParticleSystems":true},"in2DMode":false,"pivot":{"x":10.495278358459473,"y":-16.482051849365236,"z":32.00376892089844},"rotation":{"x":-0.16605347394943238,"y":0.0053228228352963928,"z":-0.0008985854801721871,"w":-0.9861020445823669},"size":68.2418212890625,"orthographic":false}