{"cameraMode":{"drawMode":0,"name":"Shaded","section":"Shading Mode"},"sceneLighting":false,"audioPlay":false,"sceneViewState":{"showFog":true,"showMaterialUpdate":false,"showSkybox":true,"showFlares":true,"showImageEffects":true,"showParticleSystems":true},"in2DMode":false,"pivot":{"x":-2.8070499897003176,"y":-59.35559844970703,"z":173.91810607910157},"rotation":{"x":-0.18669815361499787,"y":-0.015328063629567624,"z":0.0029109797906130554,"w":-0.9822934865951538},"size":182.54257202148438,"orthographic":false}