{"cameraMode":{"drawMode":0,"name":"Shaded","section":"Shading Mode"},"sceneLighting":true,"audioPlay":false,"sceneViewState":{"showFog":true,"showMaterialUpdate":false,"showSkybox":true,"showFlares":true,"showImageEffects":true,"showParticleSystems":true},"in2DMode":false,"pivot":{"x":41.45231628417969,"y":13.72883415222168,"z":117.14415740966797},"rotation":{"x":0.20554888248443604,"y":-0.3055052161216736,"z":0.06772120296955109,"w":0.9272702932357788},"size":24.45343589782715,"orthographic":false}