{"cameraMode":{"drawMode":0,"name":"Shaded","section":"Shading Mode"},"sceneLighting":false,"audioPlay":false,"sceneViewState":{"showFog":true,"showMaterialUpdate":false,"showSkybox":true,"showFlares":true,"showImageEffects":true,"showParticleSystems":true},"in2DMode":false,"pivot":{"x":-0.06782003492116928,"y":0.3786432147026062,"z":-1.2169582843780518},"rotation":{"x":-0.00008595467079430819,"y":-0.9953653812408447,"z":0.09616190940141678,"w":-0.0008907240116968751},"size":2.4394021034240724,"orthographic":false}