{"cameraMode":{"drawMode":0,"name":"Shaded","section":"Shading Mode"},"sceneLighting":true,"audioPlay":false,"sceneViewState":{"showFog":true,"showMaterialUpdate":true,"showSkybox":true,"showFlares":true,"showImageEffects":true,"showParticleSystems":true},"in2DMode":false,"pivot":{"x":8.832636833190918,"y":-22.733375549316408,"z":-17.812484741210939},"rotation":{"x":0.21326957643032075,"y":0.045183852314949039,"z":-0.009874421171844006,"w":0.9758980870246887},"size":81.038818359375,"orthographic":false}