{"cameraMode":{"drawMode":0,"name":"Shaded","section":"Shading Mode"},"sceneLighting":false,"audioPlay":false,"sceneViewState":{"showFog":true,"showMaterialUpdate":false,"showSkybox":true,"showFlares":true,"showImageEffects":true,"showParticleSystems":true},"in2DMode":false,"pivot":{"x":-14.308699607849121,"y":1.840000033378601,"z":-15.551183700561524},"rotation":{"x":-0.1028222069144249,"y":-0.8759613633155823,"z":0.21466276049613954,"w":-0.41957029700279238},"size":1.3507736921310425,"orthographic":false}