{"cameraMode":{"drawMode":0,"name":"Shaded","section":"Shading Mode"},"sceneLighting":true,"audioPlay":false,"sceneViewState":{"showFog":true,"showMaterialUpdate":false,"showSkybox":true,"showFlares":true,"showImageEffects":true,"showParticleSystems":true},"in2DMode":false,"pivot":{"x":13.409914016723633,"y":-0.1597660928964615,"z":-8.983794212341309},"rotation":{"x":-0.22060683369636537,"y":-0.664728045463562,"z":0.21550685167312623,"w":-0.6804601550102234},"size":11.143499374389649,"orthographic":false}