{"cameraMode":{"drawMode":0,"name":"Shaded","section":"Shading Mode"},"sceneLighting":false,"audioPlay":false,"sceneViewState":{"showFog":true,"showMaterialUpdate":false,"showSkybox":true,"showFlares":true,"showImageEffects":true,"showParticleSystems":true},"in2DMode":false,"pivot":{"x":0.024557530879974366,"y":0.25870686769485476,"z":1.8731924295425416},"rotation":{"x":0.002932874718680978,"y":0.9319007396697998,"z":0.0075342971831560139,"w":-0.3626234531402588},"size":0.7007923722267151,"orthographic":false}