{"cameraMode":{"drawMode":0,"name":"Shaded","section":"Shading Mode"},"sceneLighting":false,"audioPlay":false,"sceneViewState":{"showFog":true,"showMaterialUpdate":false,"showSkybox":true,"showFlares":true,"showImageEffects":true,"showParticleSystems":true},"in2DMode":false,"pivot":{"x":0.0,"y":5.151107311248779,"z":0.0010083280503749848},"rotation":{"x":-0.014559122733771801,"y":0.9674620628356934,"z":-0.05725759640336037,"w":-0.2460220754146576},"size":0.14986850321292878,"orthographic":false}