{"cameraMode":{"drawMode":0,"name":"Shaded","section":"Shading Mode"},"sceneLighting":false,"audioPlay":false,"sceneViewState":{"showFog":true,"showMaterialUpdate":false,"showSkybox":true,"showFlares":true,"showImageEffects":true,"showParticleSystems":true},"in2DMode":false,"pivot":{"x":-4.888487339019775,"y":5.0143303871154789,"z":5.037198066711426},"rotation":{"x":-0.20132189989089967,"y":-0.03290814161300659,"z":0.0067652612924575809,"w":-0.9789488911628723},"size":12.475262641906739,"orthographic":false}