{"cameraMode":{"drawMode":0,"name":"Shaded","section":"Shading Mode"},"sceneLighting":false,"audioPlay":false,"sceneViewState":{"showFog":true,"showMaterialUpdate":false,"showSkybox":true,"showFlares":true,"showImageEffects":true,"showParticleSystems":true},"in2DMode":false,"pivot":{"x":-11.215813636779786,"y":-2.9962329864501955,"z":34.15755081176758},"rotation":{"x":-0.17497947812080384,"y":0.12457159906625748,"z":-0.022326942533254625,"w":-0.9764044284820557},"size":26.652799606323243,"orthographic":false}