{"cameraMode":{"drawMode":0,"name":"Shaded","section":"Shading Mode"},"sceneLighting":false,"audioPlay":false,"sceneViewState":{"showFog":true,"showMaterialUpdate":false,"showSkybox":true,"showFlares":true,"showImageEffects":true,"showParticleSystems":true},"in2DMode":false,"pivot":{"x":0.021299995481967927,"y":0.5450000166893005,"z":0.0},"rotation":{"x":-0.4003635346889496,"y":0.004946577828377485,"z":-0.00216321530751884,"w":-0.9163405299186707},"size":1.1413382291793824,"orthographic":false}