{"cameraMode":{"drawMode":0,"name":"Shaded","section":"Shading Mode"},"sceneLighting":false,"audioPlay":false,"sceneViewState":{"showFog":true,"showMaterialUpdate":false,"showSkybox":true,"showFlares":true,"showImageEffects":true,"showParticleSystems":true},"in2DMode":false,"pivot":{"x":-6.591204643249512,"y":1.7440004348754883,"z":17.42014503479004},"rotation":{"x":-0.13117234408855439,"y":-0.853579044342041,"z":0.2587427794933319,"w":-0.4327225983142853},"size":3.6106786727905275,"orthographic":false}