{"cameraMode":{"drawMode":0,"name":"Shaded","section":"Shading Mode"},"sceneLighting":true,"audioPlay":false,"sceneViewState":{"showFog":true,"showMaterialUpdate":false,"showSkybox":true,"showFlares":true,"showImageEffects":true,"showParticleSystems":true},"in2DMode":false,"pivot":{"x":-23.48607635498047,"y":2.7196998596191408,"z":-20.055355072021486},"rotation":{"x":-0.2473919689655304,"y":0.3893897831439972,"z":-0.10941361635923386,"w":-0.8804553151130676},"size":18.216663360595704,"orthographic":false}