{"cameraMode":{"drawMode":0,"name":"Shaded","section":"Shading Mode"},"sceneLighting":false,"audioPlay":false,"sceneViewState":{"showFog":true,"showMaterialUpdate":false,"showSkybox":true,"showFlares":true,"showImageEffects":true,"showParticleSystems":true},"in2DMode":false,"pivot":{"x":6.779885292053223,"y":-7.472677230834961,"z":-28.7453670501709},"rotation":{"x":-0.04812677204608917,"y":-0.9237735271453857,"z":0.3591751754283905,"w":-0.12377198040485382},"size":26.652799606323243,"orthographic":false}