{"cameraMode":{"drawMode":0,"name":"Shaded","section":"Shading Mode"},"sceneLighting":true,"audioPlay":false,"sceneViewState":{"showFog":true,"showMaterialUpdate":false,"showSkybox":true,"showFlares":true,"showImageEffects":true,"showParticleSystems":true},"in2DMode":false,"pivot":{"x":179.85008239746095,"y":-42.746482849121097,"z":77.03434753417969},"rotation":{"x":-0.20323853194713593,"y":-0.6457464098930359,"z":0.18417219817638398,"w":-0.712591290473938},"size":221.5982208251953,"orthographic":false}