{"cameraMode":{"drawMode":0,"name":"Shaded","section":"Shading Mode"},"sceneLighting":false,"audioPlay":false,"sceneViewState":{"showFog":true,"showMaterialUpdate":false,"showSkybox":true,"showFlares":true,"showImageEffects":true,"showParticleSystems":true},"in2DMode":false,"pivot":{"x":0.0,"y":0.3980105519294739,"z":0.018815547227859498},"rotation":{"x":-0.3100701570510864,"y":-0.15676772594451905,"z":0.05191855877637863,"w":-0.9362611770629883},"size":1.000792384147644,"orthographic":false}