{"cameraMode":{"drawMode":0,"name":"Shaded","section":"Shading Mode"},"sceneLighting":true,"audioPlay":false,"sceneViewState":{"showFog":true,"showMaterialUpdate":false,"showSkybox":true,"showFlares":true,"showImageEffects":true,"showParticleSystems":true},"in2DMode":false,"pivot":{"x":19.160810470581056,"y":-153.22921752929688,"z":117.42169952392578},"rotation":{"x":0.40839582681655886,"y":0.10332638025283814,"z":-0.046861425042152408,"w":0.9057265520095825},"size":225.75221252441407,"orthographic":false}