{"cameraMode":{"drawMode":0,"name":"Shaded","section":"Shading Mode"},"sceneLighting":true,"audioPlay":false,"sceneViewState":{"showFog":true,"showMaterialUpdate":true,"showSkybox":true,"showFlares":true,"showImageEffects":false,"showParticleSystems":true},"in2DMode":false,"pivot":{"x":27.34932518005371,"y":7.917835235595703,"z":38.25473403930664},"rotation":{"x":-0.25589752197265627,"y":-0.6995248794555664,"z":0.30069857835769656,"w":-0.5956187844276428},"size":76.07787322998047,"orthographic":false}