{"cameraMode":{"drawMode":0,"name":"Shaded","section":"Shading Mode"},"sceneLighting":false,"audioPlay":false,"sceneViewState":{"showFog":true,"showMaterialUpdate":true,"showSkybox":true,"showFlares":true,"showImageEffects":false,"showParticleSystems":true},"in2DMode":false,"pivot":{"x":-21.60662841796875,"y":-2.0205116271972658,"z":-98.8634262084961},"rotation":{"x":0.40618038177490237,"y":-0.07083232700824738,"z":0.02904418669641018,"w":0.9105805158615112},"size":11.854455947875977,"orthographic":false}