{"cameraMode":{"drawMode":0,"name":"Shaded","section":"Shading Mode"},"sceneLighting":false,"audioPlay":false,"sceneViewState":{"showFog":true,"showMaterialUpdate":true,"showSkybox":true,"showFlares":true,"showImageEffects":false,"showParticleSystems":true},"in2DMode":false,"pivot":{"x":11.577421188354493,"y":-34.233089447021487,"z":-57.262786865234378},"rotation":{"x":-0.5723318457603455,"y":0.24862167239189149,"z":-0.18638992309570313,"w":-0.7588690519332886},"size":158.8411407470703,"orthographic":false}