{"cameraMode":{"drawMode":0,"name":"Shaded","section":"Shading Mode"},"sceneLighting":false,"audioPlay":false,"sceneViewState":{"showFog":true,"showMaterialUpdate":true,"showSkybox":true,"showFlares":true,"showImageEffects":false,"showParticleSystems":true},"in2DMode":false,"pivot":{"x":-7.068358421325684,"y":-0.06056785583496094,"z":-71.98383331298828},"rotation":{"x":0.24672016501426698,"y":-0.5479395985603333,"z":0.16936853528022767,"w":0.7811566591262817},"size":52.513580322265628,"orthographic":false}