{"cameraMode":{"drawMode":0,"name":"Shaded","section":"Shading Mode"},"sceneLighting":false,"audioPlay":false,"sceneViewState":{"showFog":true,"showMaterialUpdate":true,"showSkybox":true,"showFlares":true,"showImageEffects":false,"showParticleSystems":true},"in2DMode":false,"pivot":{"x":56.42192459106445,"y":2.9989242553710939,"z":30.907075881958009},"rotation":{"x":0.23656141757965089,"y":-0.02758820168673992,"z":0.0026179272681474687,"w":0.9712212681770325},"size":68.3527603149414,"orthographic":false}