{"cameraMode":{"drawMode":0,"name":"Shaded","section":"Shading Mode"},"sceneLighting":false,"audioPlay":false,"sceneViewState":{"showFog":true,"showMaterialUpdate":true,"showSkybox":true,"showFlares":true,"showImageEffects":false,"showParticleSystems":true},"in2DMode":false,"pivot":{"x":-31.353824615478517,"y":3.0750508308410646,"z":-103.3304443359375},"rotation":{"x":-0.26618367433547976,"y":0.41929668188095095,"z":-0.13035032153129579,"w":-0.8581057190895081},"size":5.4465227127075199,"orthographic":false}