{"cameraMode":{"drawMode":0,"name":"Shaded","section":"Shading Mode"},"sceneLighting":true,"audioPlay":false,"sceneViewState":{"showFog":true,"showMaterialUpdate":true,"showSkybox":true,"showFlares":true,"showImageEffects":true,"showParticleSystems":true},"in2DMode":false,"pivot":{"x":-10.740100860595704,"y":-4.170304298400879,"z":-64.42453002929688},"rotation":{"x":-0.25412827730178835,"y":0.21008305251598359,"z":-0.056616462767124179,"w":-0.9423792362213135},"size":32.8914794921875,"orthographic":false}