{"cameraMode":{"drawMode":0,"name":"Shaded","section":"Shading Mode"},"sceneLighting":true,"audioPlay":false,"sceneViewState":{"showFog":true,"showMaterialUpdate":true,"showSkybox":true,"showFlares":true,"showImageEffects":true,"showParticleSystems":true},"in2DMode":false,"pivot":{"x":-3.6943001747131349,"y":5.351099014282227,"z":-83.70846557617188},"rotation":{"x":-0.4340212345123291,"y":0.23971037566661836,"z":-0.1209697499871254,"w":-0.8599597811698914},"size":10.735817909240723,"orthographic":false}