{"cameraMode":{"drawMode":0,"name":"Shaded","section":"Shading Mode"},"sceneLighting":true,"audioPlay":false,"sceneViewState":{"showFog":true,"showMaterialUpdate":true,"showSkybox":true,"showFlares":true,"showImageEffects":false,"showParticleSystems":true},"in2DMode":false,"pivot":{"x":-11.535797119140625,"y":11.658653259277344,"z":-8.392888069152832},"rotation":{"x":0.34485605359077456,"y":-0.5706080794334412,"z":0.2857919931411743,"w":0.6883339881896973},"size":13.610979080200196,"orthographic":false}