{"cameraMode":{"drawMode":0,"name":"Shaded","section":"Shading Mode"},"sceneLighting":false,"audioPlay":false,"sceneViewState":{"showFog":true,"showMaterialUpdate":false,"showSkybox":true,"showFlares":true,"showImageEffects":true,"showParticleSystems":true},"in2DMode":false,"pivot":{"x":0.021299995481967927,"y":0.41348040103912356,"z":0.018815547227859498},"rotation":{"x":0.12791560590267182,"y":-0.5323960185050964,"z":0.08175625652074814,"w":0.832771360874176},"size":5.4168829917907719,"orthographic":false}