{"cameraMode":{"drawMode":0,"name":"Shaded","section":"Shading Mode"},"sceneLighting":false,"audioPlay":false,"sceneViewState":{"showFog":true,"showMaterialUpdate":true,"showSkybox":true,"showFlares":true,"showImageEffects":false,"showParticleSystems":true},"in2DMode":false,"pivot":{"x":47.589595794677737,"y":27.309795379638673,"z":58.81318283081055},"rotation":{"x":-0.0320669449865818,"y":0.90863037109375,"z":-0.4114488363265991,"w":-0.0638151690363884},"size":8.286913871765137,"orthographic":false}