{"cameraMode":{"drawMode":0,"name":"Shaded","section":"Shading Mode"},"sceneLighting":true,"audioPlay":false,"sceneViewState":{"showFog":true,"showMaterialUpdate":false,"showSkybox":true,"showFlares":true,"showImageEffects":true,"showParticleSystems":true},"in2DMode":false,"pivot":{"x":491.45538330078127,"y":257.7499694824219,"z":15.249996185302735},"rotation":{"x":0.17178353667259217,"y":-0.09178873151540756,"z":0.016059648245573045,"w":0.9807177782058716},"size":1964.3392333984375,"orthographic":true}