{"cameraMode":{"drawMode":0,"name":"Shaded","section":"Shading Mode"},"sceneLighting":true,"audioPlay":false,"sceneViewState":{"showFog":true,"showMaterialUpdate":true,"showSkybox":true,"showFlares":true,"showImageEffects":false,"showParticleSystems":true},"in2DMode":false,"pivot":{"x":-12.521767616271973,"y":-0.36701011657714846,"z":-4.155254364013672},"rotation":{"x":-0.2857469916343689,"y":0.14765949547290803,"z":-0.04457732290029526,"w":-0.945810854434967},"size":34.947792053222659,"orthographic":false}