{"cameraMode":{"drawMode":0,"name":"Shaded","section":"Shading Mode"},"sceneLighting":true,"audioPlay":false,"sceneViewState":{"showFog":true,"showMaterialUpdate":true,"showSkybox":true,"showFlares":true,"showImageEffects":true,"showParticleSystems":true},"in2DMode":false,"pivot":{"x":-15.25611400604248,"y":-3.1200084686279299,"z":-88.17057800292969},"rotation":{"x":-0.2799912989139557,"y":0.18771055340766908,"z":-0.0527946799993515,"w":-0.9399906992912293},"size":53.224815368652347,"orthographic":false}