{"cameraMode":{"drawMode":0,"name":"Shaded","section":"Shading Mode"},"sceneLighting":false,"audioPlay":false,"sceneViewState":{"showFog":true,"showMaterialUpdate":true,"showSkybox":true,"showFlares":true,"showImageEffects":false,"showParticleSystems":true},"in2DMode":false,"pivot":{"x":17.690414428710939,"y":54.83940505981445,"z":-98.45355987548828},"rotation":{"x":-0.4500125050544739,"y":0.43568021059036257,"z":-0.2682233452796936,"w":-0.7319343686103821},"size":3.240241765975952,"orthographic":false}