{"cameraMode":{"drawMode":0,"name":"Shaded","section":"Shading Mode"},"sceneLighting":false,"audioPlay":false,"sceneViewState":{"showFog":true,"showMaterialUpdate":true,"showSkybox":true,"showFlares":true,"showImageEffects":false,"showParticleSystems":true},"in2DMode":false,"pivot":{"x":-24.698158264160158,"y":3.5333480834960939,"z":-102.23355102539063},"rotation":{"x":0.4387534260749817,"y":0.08746573328971863,"z":-0.04618458449840546,"w":0.8931472897529602},"size":13.133591651916504,"orthographic":false}