{"cameraMode":{"drawMode":0,"name":"Shaded","section":"Shading Mode"},"sceneLighting":true,"audioPlay":false,"sceneViewState":{"showFog":true,"showMaterialUpdate":true,"showSkybox":true,"showFlares":true,"showImageEffects":false,"showParticleSystems":true},"in2DMode":false,"pivot":{"x":-13.356829643249512,"y":3.706350326538086,"z":-80.97534942626953},"rotation":{"x":0.15656156837940217,"y":-0.12707147002220155,"z":0.019263923168182374,"w":0.979270339012146},"size":61.22136306762695,"orthographic":false}