{"cameraMode":{"drawMode":0,"name":"Shaded","section":"Shading Mode"},"sceneLighting":false,"audioPlay":false,"sceneViewState":{"showFog":true,"showMaterialUpdate":true,"showSkybox":true,"showFlares":true,"showImageEffects":false,"showParticleSystems":true},"in2DMode":false,"pivot":{"x":99.79364013671875,"y":10.957916259765625,"z":34.06080627441406},"rotation":{"x":0.3660097122192383,"y":-0.21428364515304566,"z":0.08379462361335755,"w":0.9017193913459778},"size":217.5961456298828,"orthographic":false}