{"cameraMode":{"drawMode":0,"name":"Shaded","section":"Shading Mode"},"sceneLighting":true,"audioPlay":false,"sceneViewState":{"showFog":true,"showMaterialUpdate":true,"showSkybox":true,"showFlares":true,"showImageEffects":false,"showParticleSystems":true},"in2DMode":false,"pivot":{"x":-24.68855857849121,"y":-4.396093368530273,"z":-88.73966979980469},"rotation":{"x":0.17881423234939576,"y":0.45555782318115237,"z":-0.09396664053201676,"w":0.866985023021698},"size":42.590965270996097,"orthographic":false}