{"cameraMode":{"drawMode":0,"name":"Shaded","section":"Shading Mode"},"sceneLighting":true,"audioPlay":false,"sceneViewState":{"showFog":true,"showMaterialUpdate":true,"showSkybox":true,"showFlares":true,"showImageEffects":false,"showParticleSystems":true},"in2DMode":false,"pivot":{"x":-0.5142812728881836,"y":15.346395492553711,"z":-44.462440490722659},"rotation":{"x":-0.22607578337192536,"y":0.35717880725860598,"z":-0.08897195011377335,"w":-0.9018853306770325},"size":12.147531509399414,"orthographic":false}