{"cameraMode":{"drawMode":0,"name":"Shaded","section":"Shading Mode"},"sceneLighting":false,"audioPlay":false,"sceneViewState":{"showFog":true,"showMaterialUpdate":true,"showSkybox":true,"showFlares":true,"showImageEffects":false,"showParticleSystems":true},"in2DMode":false,"pivot":{"x":21.309566497802736,"y":20.281814575195314,"z":-64.72273254394531},"rotation":{"x":0.33044207096099856,"y":-0.19729456305503846,"z":0.06663759797811508,"w":0.9205663204193115},"size":63.55938720703125,"orthographic":false}