{"cameraMode":{"drawMode":0,"name":"Shaded","section":"Shading Mode"},"sceneLighting":false,"audioPlay":false,"sceneViewState":{"showFog":true,"showMaterialUpdate":false,"showSkybox":true,"showFlares":true,"showImageEffects":true,"showParticleSystems":true},"in2DMode":false,"pivot":{"x":512.4553833007813,"y":259.4999694824219,"z":-0.000009775161743164063},"rotation":{"x":0.17178353667259217,"y":-0.09178873151540756,"z":0.016059648245573045,"w":0.9807177782058716},"size":1895.5643310546875,"orthographic":true}