{"cameraMode":{"drawMode":0,"name":"Shaded","section":"Shading Mode"},"sceneLighting":false,"audioPlay":false,"sceneViewState":{"showFog":true,"showMaterialUpdate":true,"showSkybox":true,"showFlares":true,"showImageEffects":false,"showParticleSystems":true},"in2DMode":false,"pivot":{"x":-35.92499923706055,"y":0.3100004196166992,"z":-79.32500457763672},"rotation":{"x":-0.2642790675163269,"y":0.589082658290863,"z":-0.20788556337356568,"w":-0.7347937226295471},"size":22.989999771118165,"orthographic":false}