{"cameraMode":{"drawMode":0,"name":"Shaded","section":"Shading Mode"},"sceneLighting":false,"audioPlay":false,"sceneViewState":{"showFog":true,"showMaterialUpdate":false,"showSkybox":true,"showFlares":true,"showImageEffects":true,"showParticleSystems":true},"in2DMode":false,"pivot":{"x":-0.0026767104864120485,"y":0.6229448318481445,"z":0.0002542734146118164},"rotation":{"x":0.09708564728498459,"y":-0.8929264545440674,"z":0.2321840226650238,"w":0.3732927441596985},"size":2.9873132705688478,"orthographic":false}