{"cameraMode":{"drawMode":0,"name":"Shaded","section":"Shading Mode"},"sceneLighting":true,"audioPlay":false,"sceneViewState":{"showFog":true,"showMaterialUpdate":true,"showSkybox":true,"showFlares":true,"showImageEffects":false,"showParticleSystems":true},"in2DMode":false,"pivot":{"x":-10.209671020507813,"y":2.239521026611328,"z":-0.7621612548828125},"rotation":{"x":-0.41220054030418398,"y":0.4326591193675995,"z":-0.2323579490184784,"w":-0.7674024701118469},"size":72.03580474853516,"orthographic":false}