{"cameraMode":{"drawMode":0,"name":"Shaded","section":"Shading Mode"},"sceneLighting":false,"audioPlay":false,"sceneViewState":{"showFog":true,"showMaterialUpdate":true,"showSkybox":true,"showFlares":true,"showImageEffects":false,"showParticleSystems":true},"in2DMode":false,"pivot":{"x":7.142377853393555,"y":10.485024452209473,"z":-66.52237701416016},"rotation":{"x":0.1408233791589737,"y":-0.6960469484329224,"z":0.13862544298171998,"w":0.6902683973312378},"size":31.329177856445314,"orthographic":false}