{"cameraMode":{"drawMode":0,"name":"Shaded","section":"Shading Mode"},"sceneLighting":true,"audioPlay":false,"sceneViewState":{"showFog":true,"showMaterialUpdate":true,"showSkybox":true,"showFlares":true,"showImageEffects":true,"showParticleSystems":true},"in2DMode":false,"pivot":{"x":19.41680908203125,"y":6.517578125,"z":-68.888671875},"rotation":{"x":-0.32912692427635195,"y":-0.009914699010550976,"z":0.003458753228187561,"w":-0.9442273378372192},"size":6.924680709838867,"orthographic":true}