{"cameraMode":{"drawMode":0,"name":"Shaded","section":"Shading Mode"},"sceneLighting":false,"audioPlay":false,"sceneViewState":{"showFog":true,"showMaterialUpdate":true,"showSkybox":true,"showFlares":true,"showImageEffects":false,"showParticleSystems":true},"in2DMode":false,"pivot":{"x":-21.705394744873048,"y":-4.670473098754883,"z":-66.08751678466797},"rotation":{"x":0.1981992870569229,"y":-0.09100748598575592,"z":0.018485821783542634,"w":0.9757525324821472},"size":91.3300552368164,"orthographic":false}