{"cameraMode":{"drawMode":0,"name":"Shaded","section":"Shading Mode"},"sceneLighting":true,"audioPlay":false,"sceneViewState":{"showFog":true,"showMaterialUpdate":true,"showSkybox":true,"showFlares":true,"showImageEffects":false,"showParticleSystems":true},"in2DMode":false,"pivot":{"x":4.126674652099609,"y":0.7972917556762695,"z":30.237764358520509},"rotation":{"x":-0.2098376601934433,"y":0.7461821436882019,"z":-0.2752213180065155,"w":-0.5687122344970703},"size":14.098176002502442,"orthographic":false}