{"cameraMode":{"drawMode":0,"name":"Shaded","section":"Shading Mode"},"sceneLighting":false,"audioPlay":false,"sceneViewState":{"showFog":true,"showMaterialUpdate":true,"showSkybox":true,"showFlares":true,"showImageEffects":false,"showParticleSystems":true},"in2DMode":false,"pivot":{"x":51.591609954833987,"y":19.952987670898439,"z":62.90236282348633},"rotation":{"x":0.2183220088481903,"y":-0.7217406630516052,"z":0.2575491964817047,"w":0.6042304635047913},"size":28.774799346923829,"orthographic":false}