{"cameraMode":{"drawMode":0,"name":"Shaded","section":"Shading Mode"},"sceneLighting":true,"audioPlay":false,"sceneViewState":{"showFog":true,"showMaterialUpdate":true,"showSkybox":true,"showFlares":true,"showImageEffects":false,"showParticleSystems":true},"in2DMode":false,"pivot":{"x":-6.767251014709473,"y":3.304096221923828,"z":-7.948879241943359},"rotation":{"x":-0.39086127281188967,"y":0.2840220630168915,"z":-0.1281026154756546,"w":-0.8661112189292908},"size":51.13320541381836,"orthographic":false}