{"cameraMode":{"drawMode":0,"name":"Shaded","section":"Shading Mode"},"sceneLighting":false,"audioPlay":false,"sceneViewState":{"showFog":true,"showMaterialUpdate":true,"showSkybox":true,"showFlares":true,"showImageEffects":false,"showParticleSystems":true},"in2DMode":false,"pivot":{"x":-3.550931930541992,"y":-1.8779659271240235,"z":-87.14266204833985},"rotation":{"x":-0.3070841133594513,"y":0.38359493017196658,"z":-0.1334575116634369,"w":-0.8606644868850708},"size":40.53666687011719,"orthographic":false}