{"cameraMode":{"drawMode":0,"name":"Shaded","section":"Shading Mode"},"sceneLighting":false,"audioPlay":false,"sceneViewState":{"showFog":true,"showMaterialUpdate":false,"showSkybox":true,"showFlares":true,"showImageEffects":true,"showParticleSystems":true},"in2DMode":false,"pivot":{"x":-0.17949485778808595,"y":2.7214832305908205,"z":0.0063838958740234379},"rotation":{"x":0.09708564728498459,"y":-0.8929264545440674,"z":0.2321840226650238,"w":0.3732927441596985},"size":26.914587020874025,"orthographic":false}